transaction_id,timestamp,amount_sar,payment_method,vehicle_type,vehicle_model,sale_type,financing_type,counterparty_raw
CAR-20250401-001,2025-04-01 09:44:13,195229.25,credit,used_midrange,Used Mid/High,used,dealer_financing,ABDULLAH CARS TRADING #22
CAR-20250401-002,2025-04-01 10:02:31,390790.91,cash,luxury_new,Lexus LX,new,bank_loan,AL RAJHI AUTO FINANCE 4471
CAR-20250401-003,2025-04-01 10:04:09,139656.95,cash,midrange_new,Toyota Hilux,new,bank_loan,ABDULLAH CARS TRADING #22
CAR-20250401-004,2025-04-01 15:40:38,108309.56,bank_transfer,midrange_new,Toyota Hilux,new,cash,AL RAJHI AUTO FINANCE 4471
CAR-20250401-005,2025-04-01 16:41:37,129572.18,bank_transfer,midrange_new,Toyota Hilux,new,cash,AL RAJHI AUTO FINANCE 4471
CAR-20250401-006,2025-04-01 19:20:09,133407.05,bank_transfer,used_midrange,Used Mid/High,used,cash,AL RAJHI AUTO FINANCE 4471
CAR-20250402-001,2025-04-02 11:27:55,62065.74,bank_transfer,used_economy,Used Economy,used,bank_loan,AL RAJHI AUTO FINANCE 4471
CAR-20250402-002,2025-04-02 17:20:33,139231.0,bank_transfer,used_midrange,Used Mid/High,used,bank_loan,AL RAJHI AUTO FINANCE 4471
CAR-20250402-003,2025-04-02 18:25:09,171065.34,bank_transfer,midrange_new,Toyota Highlander,new,dealer_financing,ABDULLAH CARS TRADING #22
CAR-20250402-004,2025-04-02 19:48:59,94820.64,bank_transfer,economy_new,Toyota Yaris,new,lease,AL RAJHI AUTO FINANCE 4471
CAR-20250403-001,2025-04-03 17:56:24,50516.95,cash,used_economy,Used Economy,used,dealer_financing,AL RAJHI AUTO FINANCE 4471
CAR-20250403-002,2025-04-03 18:06:04,66030.0,bank_transfer,used_economy,Used Economy,used,dealer_financing,AL RAJHI AUTO FINANCE 4471
CAR-20250403-003,2025-04-03 18:15:29,183392.55,bank_transfer,midrange_new,Toyota Hilux,new,bank_loan,ABDULLAH CARS TRADING #22
CAR-20250404-001,2025-04-04 16:49:11,117725.01,bank_transfer,midrange_new,Toyota Camry,new,cash,ABDULLAH CARS TRADING #22
CAR-20250404-002,2025-04-04 17:02:37,109932.33,bank_transfer,midrange_new,Toyota Highlander,new,bank_loan,AL RAJHI AUTO FINANCE 4471
CAR-20250404-003,2025-04-04 17:14:25,36467.05,bank_transfer,used_economy,Used Economy,used,cash,AL RAJHI AUTO FINANCE 4471
CAR-20250404-004,2025-04-04 20:08:37,117331.9,credit,economy_new,Toyota Yaris,new,lease,AL RAJHI AUTO FINANCE 4471
CAR-20250404-005,2025-04-04 20:43:56,66257.48,bank_transfer,economy_new,Toyota Yaris,new,bank_loan,AL RAJHI AUTO FINANCE 4471
CAR-20250405-001,2025-04-05 13:07:25,120637.66,bank_transfer,economy_new,Toyota Corolla,new,lease,AL RAJHI AUTO FINANCE 4471
CAR-20250405-002,2025-04-05 16:18:58,193996.43,bank_transfer,used_midrange,Used Mid/High,used,dealer_financing,ABDULLAH CARS TRADING #22
CAR-20250406-001,2025-04-06 09:48:32,93090.01,bank_transfer,economy_new,Toyota Yaris,new,cash,AL RAJHI AUTO FINANCE 4471
CAR-20250406-002,2025-04-06 12:19:11,139944.83,bank_transfer,midrange_new,Toyota Highlander,new,bank_loan,AL RAJHI AUTO FINANCE 4471
CAR-20250406-003,2025-04-06 13:05:57,94758.69,bank_transfer,economy_new,Toyota Yaris,new,cash,AL RAJHI AUTO FINANCE 4471
CAR-20250406-004,2025-04-06 13:42:56,155292.77,cash,midrange_new,Toyota Camry,new,bank_loan,AL RAJHI AUTO FINANCE 4471
CAR-20250406-005,2025-04-06 15:00:49,162823.08,cash,midrange_new,Toyota Hilux,new,cash,AL RAJHI AUTO FINANCE 4471
CAR-20250406-006,2025-04-06 20:34:11,73677.6,bank_transfer,economy_new,Toyota Corolla,new,bank_loan,ABDULLAH CARS TRADING #22
CAR-20250407-001,2025-04-07 09:55:30,252820.91,bank_transfer,luxury_new,Toyota Land Cruiser,new,bank_loan,AL RAJHI AUTO FINANCE 4471
CAR-20250407-002,2025-04-07 12:16:13,148955.26,bank_transfer,midrange_new,Toyota Hilux,new,cash,AL RAJHI AUTO FINANCE 4471
CAR-20250407-003,2025-04-07 15:13:57,74318.91,bank_transfer,used_economy,Used Economy,used,bank_loan,AL RAJHI AUTO FINANCE 4471
CAR-20250407-004,2025-04-07 16:44:31,58364.25,bank_transfer,used_economy,Used Economy,used,bank_loan,AL RAJHI AUTO FINANCE 4471
CAR-20250407-005,2025-04-07 20:04:36,194089.11,bank_transfer,midrange_new,Toyota Camry,new,bank_loan,ABDULLAH CARS TRADING #22
CAR-20250407-006,2025-04-07 20:47:19,120920.67,bank_transfer,midrange_new,Toyota Camry,new,cash,AL RAJHI AUTO FINANCE 4471
CAR-20250408-001,2025-04-08 13:14:35,84646.45,credit,used_economy,Used Economy,used,bank_loan,AL RAJHI AUTO FINANCE 4471
CAR-20250408-002,2025-04-08 17:36:10,350356.91,bank_transfer,luxury_new,Lexus LX,new,bank_loan,ABDULLAH CARS TRADING #22
CAR-20250409-001,2025-04-09 10:24:26,69996.51,bank_transfer,used_economy,Used Economy,used,cash,AL RAJHI AUTO FINANCE 4471
CAR-20250409-002,2025-04-09 13:18:07,133405.87,cash,midrange_new,Toyota Hilux,new,bank_loan,ABDULLAH CARS TRADING #22
CAR-20250409-003,2025-04-09 16:44:37,147535.99,bank_transfer,midrange_new,Toyota Highlander,new,bank_loan,AL RAJHI AUTO FINANCE 4471
CAR-20250409-004,2025-04-09 20:12:40,591434.25,bank_transfer,luxury_new,Toyota Land Cruiser,new,bank_loan,ABDULLAH CARS TRADING #22
CAR-20250410-001,2025-04-10 09:54:09,106334.16,cash,midrange_new,Toyota Camry,new,bank_loan,AL RAJHI AUTO FINANCE 4471
CAR-20250410-002,2025-04-10 10:48:45,69837.61,cash,economy_new,Toyota Corolla,new,cash,AL RAJHI AUTO FINANCE 4471
CAR-20250410-003,2025-04-10 16:39:17,143433.3,bank_transfer,midrange_new,Toyota Hilux,new,cash,AL RAJHI AUTO FINANCE 4471
CAR-20250411-001,2025-04-11 10:39:56,49517.4,bank_transfer,used_economy,Used Economy,used,bank_loan,AL RAJHI AUTO FINANCE 4471
CAR-20250411-002,2025-04-11 17:56:08,112712.98,bank_transfer,midrange_new,Toyota Hilux,new,bank_loan,ABDULLAH CARS TRADING #22
CAR-20250412-001,2025-04-12 14:04:44,154489.53,cash,midrange_new,Toyota Camry,new,bank_loan,ABDULLAH CARS TRADING #22
CAR-20250412-002,2025-04-12 17:27:00,80016.37,bank_transfer,economy_new,Toyota Corolla,new,dealer_financing,AL RAJHI AUTO FINANCE 4471
CAR-20250412-003,2025-04-12 20:34:15,83586.16,bank_transfer,used_economy,Used Economy,used,bank_loan,AL RAJHI AUTO FINANCE 4471
CAR-20250413-001,2025-04-13 09:40:08,104385.0,cash,economy_new,Toyota Yaris,new,dealer_financing,AL RAJHI AUTO FINANCE 4471
CAR-20250413-002,2025-04-13 10:05:32,450065.62,bank_transfer,luxury_new,Lexus LX,new,bank_loan,AL RAJHI AUTO FINANCE 4471
CAR-20250413-003,2025-04-13 12:05:47,119245.1,bank_transfer,midrange_new,Toyota Camry,new,cash,AL RAJHI AUTO FINANCE 4471
CAR-20250413-004,2025-04-13 14:14:30,107262.59,credit,economy_new,Toyota Yaris,new,bank_loan,AL RAJHI AUTO FINANCE 4471
CAR-20250413-005,2025-04-13 18:29:12,126512.0,cash,midrange_new,Toyota Hilux,new,cash,AL RAJHI AUTO FINANCE 4471
CAR-20250414-001,2025-04-14 13:08:07,108272.95,bank_transfer,midrange_new,Toyota Camry,new,bank_loan,AL RAJHI AUTO FINANCE 4471
CAR-20250414-002,2025-04-14 13:33:53,128249.47,bank_transfer,midrange_new,Toyota Hilux,new,cash,AL RAJHI AUTO FINANCE 4471
CAR-20250414-003,2025-04-14 15:10:37,90274.29,credit,economy_new,Toyota Yaris,new,lease,AL RAJHI AUTO FINANCE 4471
CAR-20250414-004,2025-04-14 16:53:36,373415.99,bank_transfer,luxury_new,Toyota Land Cruiser,new,cash,ABDULLAH CARS TRADING #22
CAR-20250415-001,2025-04-15 10:27:43,171162.11,bank_transfer,midrange_new,Toyota Camry,new,bank_loan,AL RAJHI AUTO FINANCE 4471
CAR-20250415-002,2025-04-15 11:13:06,322717.21,credit,luxury_new,Lexus LX,new,cash,AL RAJHI AUTO FINANCE 4471
CAR-20250415-003,2025-04-15 13:20:05,387681.06,bank_transfer,luxury_new,Toyota Land Cruiser,new,bank_loan,AL RAJHI AUTO FINANCE 4471
CAR-20250415-004,2025-04-15 15:16:37,35589.33,bank_transfer,used_economy,Used Economy,used,dealer_financing,AL RAJHI AUTO FINANCE 4471
CAR-20250415-005,2025-04-15 18:14:20,109184.21,credit,midrange_new,Toyota Camry,new,bank_loan,ABDULLAH CARS TRADING #22
CAR-20250416-001,2025-04-16 09:23:25,69368.98,bank_transfer,used_economy,Used Economy,used,dealer_financing,AL RAJHI AUTO FINANCE 4471
CAR-20250416-002,2025-04-16 13:25:41,68363.57,cash,used_economy,Used Economy,used,dealer_financing,AL RAJHI AUTO FINANCE 4471
CAR-20250416-003,2025-04-16 15:39:59,177118.92,bank_transfer,midrange_new,Toyota Hilux,new,lease,AL RAJHI AUTO FINANCE 4471
CAR-20250416-004,2025-04-16 17:49:37,157992.42,bank_transfer,midrange_new,Toyota Highlander,new,bank_loan,ABDULLAH CARS TRADING #22
CAR-20250416-005,2025-04-16 17:57:41,69859.8,cash,economy_new,Toyota Yaris,new,lease,AL RAJHI AUTO FINANCE 4471
CAR-20250416-006,2025-04-16 18:27:46,111050.9,credit,midrange_new,Toyota Hilux,new,cash,AL RAJHI AUTO FINANCE 4471
CAR-20250417-001,2025-04-17 09:17:03,153954.25,cash,midrange_new,Toyota Highlander,new,dealer_financing,AL RAJHI AUTO FINANCE 4471
CAR-20250417-002,2025-04-17 12:15:23,105652.61,bank_transfer,midrange_new,Toyota Hilux,new,bank_loan,AL RAJHI AUTO FINANCE 4471
CAR-20250417-003,2025-04-17 12:20:02,64133.53,bank_transfer,economy_new,Toyota Corolla,new,cash,AL RAJHI AUTO FINANCE 4471
CAR-20250417-004,2025-04-17 17:05:43,165269.72,cash,midrange_new,Toyota Camry,new,cash,AL RAJHI AUTO FINANCE 4471
CAR-20250418-001,2025-04-18 12:47:52,80487.59,bank_transfer,used_economy,Used Economy,used,bank_loan,ABDULLAH CARS TRADING #22
CAR-20250418-002,2025-04-18 13:32:28,68716.37,bank_transfer,used_economy,Used Economy,used,lease,AL RAJHI AUTO FINANCE 4471
CAR-20250418-003,2025-04-18 15:29:38,171324.0,credit,used_midrange,Used Mid/High,used,bank_loan,AL RAJHI AUTO FINANCE 4471
CAR-20250418-004,2025-04-18 16:07:58,61180.55,bank_transfer,used_economy,Used Economy,used,cash,AL RAJHI AUTO FINANCE 4471
CAR-20250418-005,2025-04-18 19:39:45,111371.28,cash,economy_new,Toyota Yaris,new,cash,AL RAJHI AUTO FINANCE 4471
CAR-20250419-001,2025-04-19 09:48:35,50383.48,bank_transfer,used_economy,Used Economy,used,lease,AL RAJHI AUTO FINANCE 4471
CAR-20250419-002,2025-04-19 10:48:46,429555.09,credit,luxury_new,Lexus LX,new,cash,AL RAJHI AUTO FINANCE 4471
CAR-20250419-003,2025-04-19 20:30:08,36090.69,bank_transfer,used_economy,Used Economy,used,bank_loan,AL RAJHI AUTO FINANCE 4471
CAR-20250419-004,2025-04-19 20:30:38,76841.37,bank_transfer,economy_new,Toyota Corolla,new,cash,AL RAJHI AUTO FINANCE 4471
CAR-20250420-001,2025-04-20 11:29:14,111127.9,cash,economy_new,Toyota Yaris,new,lease,AL RAJHI AUTO FINANCE 4471
CAR-20250420-002,2025-04-20 11:37:23,107243.3,bank_transfer,midrange_new,Toyota Hilux,new,bank_loan,AL RAJHI AUTO FINANCE 4471
CAR-20250421-001,2025-04-21 17:30:47,42319.77,bank_transfer,used_economy,Used Economy,used,cash,AL RAJHI AUTO FINANCE 4471
CAR-20250421-002,2025-04-21 17:47:02,197578.57,bank_transfer,midrange_new,Toyota Hilux,new,bank_loan,AL RAJHI AUTO FINANCE 4471
CAR-20250422-001,2025-04-22 12:46:12,101901.54,cash,economy_new,Toyota Corolla,new,bank_loan,AL RAJHI AUTO FINANCE 4471
CAR-20250422-002,2025-04-22 14:16:37,159336.59,cash,midrange_new,Toyota Camry,new,dealer_financing,ABDULLAH CARS TRADING #22
CAR-20250422-003,2025-04-22 14:19:35,395443.88,bank_transfer,luxury_new,Toyota Land Cruiser,new,cash,AL RAJHI AUTO FINANCE 4471
CAR-20250422-004,2025-04-22 17:23:58,418572.85,bank_transfer,luxury_new,Toyota Land Cruiser,new,dealer_financing,AL RAJHI AUTO FINANCE 4471
CAR-20250423-001,2025-04-23 09:41:46,192676.7,bank_transfer,midrange_new,Toyota Hilux,new,lease,AL RAJHI AUTO FINANCE 4471
CAR-20250423-002,2025-04-23 10:00:09,83249.28,bank_transfer,economy_new,Toyota Yaris,new,cash,AL RAJHI AUTO FINANCE 4471
CAR-20250423-003,2025-04-23 19:40:07,153836.15,cash,midrange_new,Toyota Hilux,new,cash,AL RAJHI AUTO FINANCE 4471
CAR-20250424-001,2025-04-24 13:59:43,87543.73,bank_transfer,economy_new,Toyota Corolla,new,dealer_financing,ABDULLAH CARS TRADING #22
CAR-20250424-002,2025-04-24 15:16:58,161527.73,cash,midrange_new,Toyota Hilux,new,bank_loan,AL RAJHI AUTO FINANCE 4471
CAR-20250424-003,2025-04-24 16:07:51,185911.75,bank_transfer,midrange_new,Toyota Highlander,new,cash,AL RAJHI AUTO FINANCE 4471
CAR-20250424-004,2025-04-24 16:49:57,78365.23,bank_transfer,used_economy,Used Economy,used,bank_loan,AL RAJHI AUTO FINANCE 4471
CAR-20250424-005,2025-04-24 17:41:49,73675.7,bank_transfer,economy_new,Toyota Corolla,new,cash,AL RAJHI AUTO FINANCE 4471
CAR-20250425-001,2025-04-25 14:04:41,88883.76,bank_transfer,used_economy,Used Economy,used,cash,ABDULLAH CARS TRADING #22
CAR-20250425-002,2025-04-25 15:43:58,102261.77,bank_transfer,economy_new,Toyota Yaris,new,cash,AL RAJHI AUTO FINANCE 4471
CAR-20250425-003,2025-04-25 20:23:12,148578.26,credit,midrange_new,Toyota Camry,new,bank_loan,AL RAJHI AUTO FINANCE 4471
CAR-20250426-001,2025-04-26 16:22:05,89116.92,bank_transfer,economy_new,Toyota Yaris,new,bank_loan,ABDULLAH CARS TRADING #22
CAR-20250426-002,2025-04-26 17:19:36,139767.09,bank_transfer,midrange_new,Toyota Camry,new,bank_loan,AL RAJHI AUTO FINANCE 4471
CAR-20250426-003,2025-04-26 17:24:58,175707.2,bank_transfer,midrange_new,Toyota Hilux,new,bank_loan,AL RAJHI AUTO FINANCE 4471
CAR-20250427-001,2025-04-27 20:13:04,68329.48,bank_transfer,used_economy,Used Economy,used,dealer_financing,AL RAJHI AUTO FINANCE 4471
CAR-20250427-002,2025-04-27 20:27:29,476958.91,bank_transfer,luxury_new,Toyota Land Cruiser,new,bank_loan,AL RAJHI AUTO FINANCE 4471
CAR-20250428-001,2025-04-28 10:31:06,69432.96,bank_transfer,economy_new,Toyota Yaris,new,bank_loan,AL RAJHI AUTO FINANCE 4471
CAR-20250428-002,2025-04-28 10:40:12,67378.05,bank_transfer,economy_new,Toyota Yaris,new,bank_loan,AL RAJHI AUTO FINANCE 4471
CAR-20250428-003,2025-04-28 13:21:39,253087.53,bank_transfer,luxury_new,Toyota Land Cruiser,new,cash,AL RAJHI AUTO FINANCE 4471
CAR-20250428-004,2025-04-28 14:08:26,72684.92,credit,economy_new,Toyota Yaris,new,cash,AL RAJHI AUTO FINANCE 4471
CAR-20250428-005,2025-04-28 14:33:50,166026.41,credit,midrange_new,Toyota Camry,new,cash,AL RAJHI AUTO FINANCE 4471
CAR-20250428-006,2025-04-28 15:20:43,192818.12,bank_transfer,midrange_new,Toyota Hilux,new,lease,AL RAJHI AUTO FINANCE 4471
CAR-20250428-007,2025-04-28 15:56:51,81965.32,credit,used_economy,Used Economy,used,cash,AL RAJHI AUTO FINANCE 4471
CAR-20250428-008,2025-04-28 17:58:13,111342.84,credit,midrange_new,Toyota Hilux,new,cash,AL RAJHI AUTO FINANCE 4471
CAR-20250428-009,2025-04-28 18:56:52,48939.67,bank_transfer,used_economy,Used Economy,used,bank_loan,ABDULLAH CARS TRADING #22
CAR-20250428-010,2025-04-28 20:18:38,74903.3,cash,economy_new,Toyota Yaris,new,bank_loan,AL RAJHI AUTO FINANCE 4471
CAR-20250429-001,2025-04-29 09:34:28,93659.2,bank_transfer,used_midrange,Used Mid/High,used,bank_loan,ABDULLAH CARS TRADING #22
CAR-20250429-002,2025-04-29 11:52:49,139422.07,credit,midrange_new,Toyota Highlander,new,cash,AL RAJHI AUTO FINANCE 4471
CAR-20250429-003,2025-04-29 12:34:59,495928.15,bank_transfer,luxury_new,Toyota Land Cruiser,new,cash,AL RAJHI AUTO FINANCE 4471
CAR-20250429-004,2025-04-29 13:16:01,135076.23,bank_transfer,used_midrange,Used Mid/High,used,bank_loan,AL RAJHI AUTO FINANCE 4471
CAR-20250429-005,2025-04-29 13:19:25,112974.11,credit,economy_new,Toyota Yaris,new,cash,AL RAJHI AUTO FINANCE 4471
CAR-20250429-006,2025-04-29 13:28:58,60520.86,bank_transfer,used_economy,Used Economy,used,lease,AL RAJHI AUTO FINANCE 4471
CAR-20250429-007,2025-04-29 13:38:24,75882.12,bank_transfer,used_economy,Used Economy,used,lease,ABDULLAH CARS TRADING #22
CAR-20250429-008,2025-04-29 13:50:54,75981.33,credit,economy_new,Toyota Yaris,new,cash,AL RAJHI AUTO FINANCE 4471
CAR-20250429-009,2025-04-29 14:58:11,584463.6,cash,luxury_new,Toyota Land Cruiser,new,cash,AL RAJHI AUTO FINANCE 4471
CAR-20250429-010,2025-04-29 18:16:22,577908.69,credit,luxury_new,Toyota Land Cruiser,new,lease,AL RAJHI AUTO FINANCE 4471
CAR-20250430-001,2025-04-30 09:01:19,546051.27,bank_transfer,luxury_new,Toyota Land Cruiser,new,cash,AL RAJHI AUTO FINANCE 4471
CAR-20250430-002,2025-04-30 12:51:28,184655.72,cash,used_midrange,Used Mid/High,used,bank_loan,AL RAJHI AUTO FINANCE 4471
CAR-20250430-003,2025-04-30 13:49:25,37308.5,credit,used_economy,Used Economy,used,cash,AL RAJHI AUTO FINANCE 4471
CAR-20250430-004,2025-04-30 13:51:24,89905.01,cash,used_economy,Used Economy,used,cash,AL RAJHI AUTO FINANCE 4471
CAR-20250430-005,2025-04-30 15:00:54,83072.88,bank_transfer,economy_new,Toyota Yaris,new,bank_loan,AL RAJHI AUTO FINANCE 4471
CAR-20250430-006,2025-04-30 15:56:12,179650.91,cash,midrange_new,Toyota Camry,new,cash,AL RAJHI AUTO FINANCE 4471
CAR-20250430-007,2025-04-30 16:53:18,128838.29,bank_transfer,midrange_new,Toyota Hilux,new,lease,AL RAJHI AUTO FINANCE 4471
CAR-20250430-008,2025-04-30 17:55:59,133006.48,bank_transfer,midrange_new,Toyota Highlander,new,bank_loan,AL RAJHI AUTO FINANCE 4471
CAR-20250430-009,2025-04-30 20:37:32,38810.71,bank_transfer,used_economy,Used Economy,used,dealer_financing,AL RAJHI AUTO FINANCE 4471
CAR-20250430-010,2025-04-30 20:52:34,68989.37,bank_transfer,economy_new,Toyota Corolla,new,bank_loan,ABDULLAH CARS TRADING #22
CAR-20250501-001,2025-05-01 10:27:00,196010.7,credit,midrange_new,Toyota Camry,new,bank_loan,AL RAJHI AUTO FINANCE 4471
CAR-20250501-002,2025-05-01 18:41:11,135745.17,bank_transfer,midrange_new,Toyota Camry,new,bank_loan,AL RAJHI AUTO FINANCE 4471
CAR-20250501-003,2025-05-01 20:13:08,84366.2,bank_transfer,used_economy,Used Economy,used,bank_loan,AL RAJHI AUTO FINANCE 4471
CAR-20250501-004,2025-05-01 20:30:26,204781.55,cash,midrange_new,Toyota Camry,new,cash,ABDULLAH CARS TRADING #22
CAR-20250502-001,2025-05-02 10:08:32,78343.16,credit,used_economy,Used Economy,used,dealer_financing,AL RAJHI AUTO FINANCE 4471
CAR-20250502-002,2025-05-02 11:02:24,418271.41,cash,luxury_new,Toyota Land Cruiser,new,lease,AL RAJHI AUTO FINANCE 4471
CAR-20250502-003,2025-05-02 12:05:40,84904.76,bank_transfer,economy_new,Toyota Yaris,new,dealer_financing,ABDULLAH CARS TRADING #22
CAR-20250502-004,2025-05-02 18:27:42,430375.21,bank_transfer,luxury_new,Toyota Land Cruiser,new,bank_loan,AL RAJHI AUTO FINANCE 4471
CAR-20250502-005,2025-05-02 19:06:33,435646.5,bank_transfer,luxury_new,Lexus LX,new,dealer_financing,ABDULLAH CARS TRADING #22
CAR-20250503-001,2025-05-03 10:49:26,51765.73,bank_transfer,used_economy,Used Economy,used,cash,AL RAJHI AUTO FINANCE 4471
CAR-20250503-002,2025-05-03 12:49:09,205078.02,credit,midrange_new,Toyota Camry,new,bank_loan,AL RAJHI AUTO FINANCE 4471
CAR-20250503-003,2025-05-03 13:55:19,132689.88,cash,midrange_new,Toyota Highlander,new,cash,AL RAJHI AUTO FINANCE 4471
CAR-20250503-004,2025-05-03 17:02:06,101046.21,bank_transfer,used_midrange,Used Mid/High,used,cash,AL RAJHI AUTO FINANCE 4471
CAR-20250503-005,2025-05-03 17:21:39,171389.22,credit,midrange_new,Toyota Camry,new,dealer_financing,AL RAJHI AUTO FINANCE 4471
CAR-20250504-001,2025-05-04 10:52:07,138850.05,credit,used_midrange,Used Mid/High,used,bank_loan,AL RAJHI AUTO FINANCE 4471
CAR-20250504-002,2025-05-04 10:57:20,84753.21,bank_transfer,economy_new,Toyota Corolla,new,bank_loan,AL RAJHI AUTO FINANCE 4471
CAR-20250504-003,2025-05-04 12:22:38,485270.04,credit,luxury_new,Toyota Land Cruiser,new,bank_loan,AL RAJHI AUTO FINANCE 4471
CAR-20250504-004,2025-05-04 16:54:34,52530.17,cash,used_economy,Used Economy,used,cash,AL RAJHI AUTO FINANCE 4471
CAR-20250504-005,2025-05-04 17:37:46,52533.26,credit,used_economy,Used Economy,used,cash,AL RAJHI AUTO FINANCE 4471
CAR-20250505-001,2025-05-05 09:04:09,144420.85,bank_transfer,midrange_new,Toyota Camry,new,bank_loan,AL RAJHI AUTO FINANCE 4471
CAR-20250505-002,2025-05-05 15:49:49,142396.61,bank_transfer,midrange_new,Toyota Camry,new,bank_loan,AL RAJHI AUTO FINANCE 4471
CAR-20250505-003,2025-05-05 18:59:57,276359.6,bank_transfer,luxury_new,Toyota Land Cruiser,new,bank_loan,ABDULLAH CARS TRADING #22
CAR-20250506-001,2025-05-06 11:57:16,102808.39,bank_transfer,economy_new,Toyota Yaris,new,bank_loan,AL RAJHI AUTO FINANCE 4471
CAR-20250506-002,2025-05-06 14:18:34,81383.44,credit,economy_new,Toyota Corolla,new,bank_loan,ABDULLAH CARS TRADING #22
CAR-20250506-003,2025-05-06 15:59:08,72543.94,cash,used_economy,Used Economy,used,cash,AL RAJHI AUTO FINANCE 4471
CAR-20250506-004,2025-05-06 16:17:52,150036.88,bank_transfer,midrange_new,Toyota Hilux,new,dealer_financing,AL RAJHI AUTO FINANCE 4471
CAR-20250506-005,2025-05-06 17:15:40,189275.52,cash,used_midrange,Used Mid/High,used,bank_loan,AL RAJHI AUTO FINANCE 4471
CAR-20250507-001,2025-05-07 13:14:54,110053.96,cash,economy_new,Toyota Yaris,new,bank_loan,AL RAJHI AUTO FINANCE 4471
CAR-20250507-002,2025-05-07 13:57:19,133373.32,bank_transfer,midrange_new,Toyota Highlander,new,lease,AL RAJHI AUTO FINANCE 4471
CAR-20250507-003,2025-05-07 13:58:41,153980.47,bank_transfer,used_midrange,Used Mid/High,used,bank_loan,ABDULLAH CARS TRADING #22
CAR-20250507-004,2025-05-07 16:44:19,174116.68,bank_transfer,midrange_new,Toyota Camry,new,cash,AL RAJHI AUTO FINANCE 4471
CAR-20250508-001,2025-05-08 16:49:41,78518.74,bank_transfer,economy_new,Toyota Corolla,new,cash,ABDULLAH CARS TRADING #22
CAR-20250508-002,2025-05-08 18:13:14,183108.68,bank_transfer,midrange_new,Toyota Hilux,new,lease,ABDULLAH CARS TRADING #22
CAR-20250509-001,2025-05-09 10:33:21,110576.26,bank_transfer,midrange_new,Toyota Highlander,new,bank_loan,AL RAJHI AUTO FINANCE 4471
CAR-20250509-002,2025-05-09 11:04:43,280493.37,bank_transfer,luxury_new,Toyota Land Cruiser,new,bank_loan,AL RAJHI AUTO FINANCE 4471
CAR-20250509-003,2025-05-09 13:57:47,571968.43,credit,luxury_new,Lexus LX,new,cash,AL RAJHI AUTO FINANCE 4471
CAR-20250509-004,2025-05-09 20:30:29,64658.0,cash,economy_new,Toyota Yaris,new,bank_loan,AL RAJHI AUTO FINANCE 4471
CAR-20250509-005,2025-05-09 20:59:39,123133.95,bank_transfer,midrange_new,Toyota Camry,new,lease,AL RAJHI AUTO FINANCE 4471
CAR-20250510-001,2025-05-10 11:08:32,74763.35,cash,economy_new,Toyota Yaris,new,cash,AL RAJHI AUTO FINANCE 4471
CAR-20250510-002,2025-05-10 13:01:35,57956.41,credit,used_economy,Used Economy,used,dealer_financing,AL RAJHI AUTO FINANCE 4471
CAR-20250510-003,2025-05-10 14:40:41,99222.41,bank_transfer,economy_new,Toyota Corolla,new,dealer_financing,AL RAJHI AUTO FINANCE 4471
CAR-20250510-004,2025-05-10 17:03:17,75473.43,bank_transfer,economy_new,Toyota Corolla,new,dealer_financing,ABDULLAH CARS TRADING #22
CAR-20250510-005,2025-05-10 18:53:22,76874.63,cash,economy_new,Toyota Corolla,new,cash,AL RAJHI AUTO FINANCE 4471
CAR-20250511-001,2025-05-11 16:34:55,559790.13,cash,luxury_new,Lexus LX,new,dealer_financing,AL RAJHI AUTO FINANCE 4471
CAR-20250511-002,2025-05-11 19:46:15,183706.19,bank_transfer,midrange_new,Toyota Hilux,new,bank_loan,AL RAJHI AUTO FINANCE 4471
CAR-20250512-001,2025-05-12 13:47:32,123037.88,bank_transfer,used_midrange,Used Mid/High,used,dealer_financing,AL RAJHI AUTO FINANCE 4471
CAR-20250512-002,2025-05-12 15:42:29,124402.18,bank_transfer,used_midrange,Used Mid/High,used,cash,AL RAJHI AUTO FINANCE 4471
CAR-20250512-003,2025-05-12 18:04:35,105741.06,bank_transfer,midrange_new,Toyota Camry,new,cash,ABDULLAH CARS TRADING #22
CAR-20250513-001,2025-05-13 12:01:38,78881.37,credit,used_economy,Used Economy,used,cash,AL RAJHI AUTO FINANCE 4471
CAR-20250513-002,2025-05-13 19:39:29,118120.46,bank_transfer,economy_new,Toyota Yaris,new,dealer_financing,AL RAJHI AUTO FINANCE 4471
CAR-20250513-003,2025-05-13 20:35:25,153447.24,bank_transfer,midrange_new,Toyota Hilux,new,bank_loan,ABDULLAH CARS TRADING #22
CAR-20250514-001,2025-05-14 12:06:20,99655.7,cash,economy_new,Toyota Yaris,new,cash,AL RAJHI AUTO FINANCE 4471
CAR-20250514-002,2025-05-14 15:11:59,373058.73,bank_transfer,luxury_new,Toyota Land Cruiser,new,lease,AL RAJHI AUTO FINANCE 4471
CAR-20250514-003,2025-05-14 15:15:16,51236.86,credit,used_economy,Used Economy,used,cash,AL RAJHI AUTO FINANCE 4471
CAR-20250514-004,2025-05-14 17:40:31,77095.79,bank_transfer,used_economy,Used Economy,used,bank_loan,AL RAJHI AUTO FINANCE 4471
CAR-20250514-005,2025-05-14 18:21:10,132427.21,bank_transfer,midrange_new,Toyota Camry,new,cash,ABDULLAH CARS TRADING #22
CAR-20250514-006,2025-05-14 19:26:39,68919.69,cash,used_economy,Used Economy,used,bank_loan,AL RAJHI AUTO FINANCE 4471
CAR-20250515-001,2025-05-15 11:54:47,139554.58,bank_transfer,midrange_new,Toyota Hilux,new,cash,AL RAJHI AUTO FINANCE 4471
CAR-20250515-002,2025-05-15 13:49:57,167748.34,bank_transfer,used_midrange,Used Mid/High,used,bank_loan,AL RAJHI AUTO FINANCE 4471
CAR-20250515-003,2025-05-15 13:54:29,69715.91,credit,economy_new,Toyota Yaris,new,cash,AL RAJHI AUTO FINANCE 4471
CAR-20250515-004,2025-05-15 15:20:24,70402.85,cash,used_economy,Used Economy,used,cash,AL RAJHI AUTO FINANCE 4471
CAR-20250515-005,2025-05-15 17:27:32,152522.68,credit,used_midrange,Used Mid/High,used,cash,AL RAJHI AUTO FINANCE 4471
CAR-20250516-001,2025-05-16 10:57:14,148709.16,bank_transfer,midrange_new,Toyota Hilux,new,bank_loan,AL RAJHI AUTO FINANCE 4471
CAR-20250516-002,2025-05-16 13:21:59,152010.97,bank_transfer,midrange_new,Toyota Camry,new,bank_loan,AL RAJHI AUTO FINANCE 4471
CAR-20250516-003,2025-05-16 13:38:01,50758.83,cash,used_economy,Used Economy,used,lease,AL RAJHI AUTO FINANCE 4471
CAR-20250516-004,2025-05-16 17:06:00,189346.22,cash,midrange_new,Toyota Highlander,new,bank_loan,ABDULLAH CARS TRADING #22
CAR-20250516-005,2025-05-16 17:54:27,197546.79,bank_transfer,midrange_new,Toyota Camry,new,dealer_financing,AL RAJHI AUTO FINANCE 4471
CAR-20250516-006,2025-05-16 18:53:55,160341.78,bank_transfer,midrange_new,Toyota Hilux,new,bank_loan,AL RAJHI AUTO FINANCE 4471
CAR-20250517-001,2025-05-17 10:12:30,178626.49,cash,used_midrange,Used Mid/High,used,bank_loan,AL RAJHI AUTO FINANCE 4471
CAR-20250517-002,2025-05-17 15:34:26,141193.68,credit,midrange_new,Toyota Highlander,new,bank_loan,AL RAJHI AUTO FINANCE 4471
CAR-20250518-001,2025-05-18 13:37:07,169650.58,cash,used_midrange,Used Mid/High,used,lease,AL RAJHI AUTO FINANCE 4471
CAR-20250518-002,2025-05-18 19:50:04,331101.57,credit,luxury_new,Lexus LX,new,lease,AL RAJHI AUTO FINANCE 4471
CAR-20250519-001,2025-05-19 10:51:23,115681.4,bank_transfer,economy_new,Toyota Corolla,new,bank_loan,AL RAJHI AUTO FINANCE 4471
CAR-20250519-002,2025-05-19 13:09:17,54676.15,bank_transfer,used_economy,Used Economy,used,dealer_financing,AL RAJHI AUTO FINANCE 4471
CAR-20250519-003,2025-05-19 17:43:49,187482.07,cash,midrange_new,Toyota Hilux,new,cash,AL RAJHI AUTO FINANCE 4471
CAR-20250520-001,2025-05-20 09:29:39,63327.43,bank_transfer,economy_new,Toyota Corolla,new,cash,AL RAJHI AUTO FINANCE 4471
CAR-20250520-002,2025-05-20 12:00:47,105632.51,bank_transfer,used_midrange,Used Mid/High,used,dealer_financing,AL RAJHI AUTO FINANCE 4471
CAR-20250520-003,2025-05-20 12:57:37,114784.49,bank_transfer,midrange_new,Toyota Camry,new,bank_loan,AL RAJHI AUTO FINANCE 4471
CAR-20250520-004,2025-05-20 15:08:32,182934.76,cash,midrange_new,Toyota Hilux,new,dealer_financing,AL RAJHI AUTO FINANCE 4471
CAR-20250520-005,2025-05-20 15:53:08,26213.74,bank_transfer,used_economy,Used Economy,used,cash,AL RAJHI AUTO FINANCE 4471
CAR-20250520-006,2025-05-20 20:47:47,334685.02,bank_transfer,luxury_new,Toyota Land Cruiser,new,bank_loan,AL RAJHI AUTO FINANCE 4471
CAR-20250521-001,2025-05-21 10:14:53,90379.71,bank_transfer,used_midrange,Used Mid/High,used,cash,ABDULLAH CARS TRADING #22
CAR-20250521-002,2025-05-21 20:48:49,80552.21,bank_transfer,economy_new,Toyota Yaris,new,cash,AL RAJHI AUTO FINANCE 4471
CAR-20250522-001,2025-05-22 11:05:25,347663.01,cash,luxury_new,Lexus LX,new,cash,AL RAJHI AUTO FINANCE 4471
CAR-20250522-002,2025-05-22 13:21:58,540744.87,bank_transfer,luxury_new,Toyota Land Cruiser,new,cash,AL RAJHI AUTO FINANCE 4471
CAR-20250522-003,2025-05-22 13:28:15,350379.67,bank_transfer,luxury_new,Lexus LX,new,dealer_financing,ABDULLAH CARS TRADING #22
CAR-20250522-004,2025-05-22 14:06:41,137086.59,cash,midrange_new,Toyota Camry,new,dealer_financing,AL RAJHI AUTO FINANCE 4471
CAR-20250522-005,2025-05-22 15:23:17,197380.31,bank_transfer,used_midrange,Used Mid/High,used,cash,AL RAJHI AUTO FINANCE 4471
CAR-20250522-006,2025-05-22 18:29:49,119159.81,bank_transfer,used_midrange,Used Mid/High,used,bank_loan,AL RAJHI AUTO FINANCE 4471
CAR-20250523-001,2025-05-23 11:30:03,120236.07,bank_transfer,economy_new,Toyota Corolla,new,cash,AL RAJHI AUTO FINANCE 4471
CAR-20250523-002,2025-05-23 14:43:53,35259.06,bank_transfer,used_economy,Used Economy,used,bank_loan,AL RAJHI AUTO FINANCE 4471
CAR-20250524-001,2025-05-24 11:36:51,38880.02,credit,used_economy,Used Economy,used,cash,AL RAJHI AUTO FINANCE 4471
CAR-20250524-002,2025-05-24 13:21:15,145764.69,cash,midrange_new,Toyota Highlander,new,lease,AL RAJHI AUTO FINANCE 4471
CAR-20250524-003,2025-05-24 15:26:10,137014.58,bank_transfer,midrange_new,Toyota Camry,new,cash,ABDULLAH CARS TRADING #22
CAR-20250524-004,2025-05-24 19:10:18,69279.74,bank_transfer,economy_new,Toyota Corolla,new,cash,AL RAJHI AUTO FINANCE 4471
CAR-20250525-001,2025-05-25 09:36:01,115658.64,bank_transfer,midrange_new,Toyota Camry,new,cash,AL RAJHI AUTO FINANCE 4471
CAR-20250525-002,2025-05-25 12:36:04,120926.97,bank_transfer,economy_new,Toyota Yaris,new,dealer_financing,AL RAJHI AUTO FINANCE 4471
CAR-20250525-003,2025-05-25 13:16:01,37955.71,cash,used_economy,Used Economy,used,cash,AL RAJHI AUTO FINANCE 4471
CAR-20250525-004,2025-05-25 19:04:48,508336.09,cash,luxury_new,Lexus LX,new,bank_loan,AL RAJHI AUTO FINANCE 4471
CAR-20250526-001,2025-05-26 13:43:45,91824.76,bank_transfer,economy_new,Toyota Yaris,new,bank_loan,ABDULLAH CARS TRADING #22
CAR-20250526-002,2025-05-26 17:26:57,132469.76,cash,used_midrange,Used Mid/High,used,dealer_financing,ABDULLAH CARS TRADING #22
CAR-20250526-003,2025-05-26 17:31:00,87166.03,credit,used_economy,Used Economy,used,cash,AL RAJHI AUTO FINANCE 4471
CAR-20250526-004,2025-05-26 17:38:26,595594.62,credit,luxury_new,Toyota Land Cruiser,new,dealer_financing,AL RAJHI AUTO FINANCE 4471
CAR-20250527-001,2025-05-27 10:58:41,203935.65,credit,midrange_new,Toyota Highlander,new,lease,AL RAJHI AUTO FINANCE 4471
CAR-20250527-002,2025-05-27 13:31:13,99611.37,bank_transfer,economy_new,Toyota Corolla,new,bank_loan,AL RAJHI AUTO FINANCE 4471
CAR-20250527-003,2025-05-27 20:05:05,166182.59,bank_transfer,midrange_new,Toyota Hilux,new,dealer_financing,AL RAJHI AUTO FINANCE 4471
CAR-20250527-004,2025-05-27 20:55:27,190551.71,cash,midrange_new,Toyota Camry,new,cash,AL RAJHI AUTO FINANCE 4471
CAR-20250528-001,2025-05-28 11:12:59,173003.33,bank_transfer,used_midrange,Used Mid/High,used,dealer_financing,AL RAJHI AUTO FINANCE 4471
CAR-20250528-002,2025-05-28 13:07:17,518737.78,bank_transfer,luxury_new,Lexus LX,new,dealer_financing,AL RAJHI AUTO FINANCE 4471
CAR-20250528-003,2025-05-28 15:43:26,191794.55,bank_transfer,midrange_new,Toyota Highlander,new,bank_loan,AL RAJHI AUTO FINANCE 4471
CAR-20250528-004,2025-05-28 17:31:11,182306.9,cash,midrange_new,Toyota Highlander,new,cash,AL RAJHI AUTO FINANCE 4471
CAR-20250529-001,2025-05-29 13:50:06,114412.51,bank_transfer,used_midrange,Used Mid/High,used,cash,AL RAJHI AUTO FINANCE 4471
CAR-20250529-002,2025-05-29 15:24:32,109375.1,bank_transfer,used_midrange,Used Mid/High,used,cash,AL RAJHI AUTO FINANCE 4471
CAR-20250529-003,2025-05-29 16:36:00,183749.02,bank_transfer,used_midrange,Used Mid/High,used,cash,AL RAJHI AUTO FINANCE 4471
CAR-20250529-004,2025-05-29 18:27:23,431341.36,bank_transfer,luxury_new,Toyota Land Cruiser,new,bank_loan,AL RAJHI AUTO FINANCE 4471
CAR-20250529-005,2025-05-29 19:07:53,106474.48,credit,economy_new,Toyota Corolla,new,dealer_financing,AL RAJHI AUTO FINANCE 4471
CAR-20250529-006,2025-05-29 19:55:21,81261.11,bank_transfer,economy_new,Toyota Corolla,new,bank_loan,ABDULLAH CARS TRADING #22
CAR-20250530-001,2025-05-30 09:20:00,81149.52,bank_transfer,used_economy,Used Economy,used,bank_loan,AL RAJHI AUTO FINANCE 4471
CAR-20250530-002,2025-05-30 12:09:41,152250.5,bank_transfer,midrange_new,Toyota Highlander,new,dealer_financing,AL RAJHI AUTO FINANCE 4471
CAR-20250530-003,2025-05-30 12:23:34,195654.27,bank_transfer,midrange_new,Toyota Camry,new,lease,AL RAJHI AUTO FINANCE 4471
CAR-20250530-004,2025-05-30 15:26:41,99071.52,bank_transfer,used_midrange,Used Mid/High,used,bank_loan,ABDULLAH CARS TRADING #22
CAR-20250530-005,2025-05-30 18:20:52,298158.49,cash,luxury_new,Toyota Land Cruiser,new,lease,AL RAJHI AUTO FINANCE 4471
CAR-20250530-006,2025-05-30 19:33:30,48857.68,cash,used_economy,Used Economy,used,bank_loan,AL RAJHI AUTO FINANCE 4471
CAR-20250530-007,2025-05-30 20:33:50,198054.21,credit,used_midrange,Used Mid/High,used,cash,AL RAJHI AUTO FINANCE 4471
CAR-20250531-001,2025-05-31 09:01:38,111565.51,cash,economy_new,Toyota Corolla,new,dealer_financing,AL RAJHI AUTO FINANCE 4471
CAR-20250531-002,2025-05-31 09:33:07,112561.22,bank_transfer,midrange_new,Toyota Hilux,new,dealer_financing,ABDULLAH CARS TRADING #22
CAR-20250531-003,2025-05-31 10:06:55,38120.41,credit,used_economy,Used Economy,used,cash,AL RAJHI AUTO FINANCE 4471
CAR-20250531-004,2025-05-31 10:16:18,172074.52,credit,midrange_new,Toyota Camry,new,bank_loan,AL RAJHI AUTO FINANCE 4471
CAR-20250531-005,2025-05-31 10:49:56,413380.89,bank_transfer,luxury_new,Lexus LX,new,cash,AL RAJHI AUTO FINANCE 4471
CAR-20250531-006,2025-05-31 11:29:12,558207.83,credit,luxury_new,Lexus LX,new,lease,AL RAJHI AUTO FINANCE 4471
CAR-20250531-007,2025-05-31 12:46:06,94586.29,credit,economy_new,Toyota Corolla,new,bank_loan,AL RAJHI AUTO FINANCE 4471
CAR-20250531-008,2025-05-31 12:49:18,98638.52,credit,economy_new,Toyota Corolla,new,cash,AL RAJHI AUTO FINANCE 4471
CAR-20250531-009,2025-05-31 16:16:40,314899.05,bank_transfer,luxury_new,Lexus LX,new,bank_loan,AL RAJHI AUTO FINANCE 4471
CAR-20250531-010,2025-05-31 19:50:45,170509.0,bank_transfer,midrange_new,Toyota Highlander,new,cash,AL RAJHI AUTO FINANCE 4471
CAR-20250601-001,2025-06-01 12:08:46,140128.06,bank_transfer,midrange_new,Toyota Camry,new,bank_loan,AL RAJHI AUTO FINANCE 4471
CAR-20250601-002,2025-06-01 13:59:23,183856.45,cash,midrange_new,Toyota Camry,new,dealer_financing,AL RAJHI AUTO FINANCE 4471
CAR-20250601-003,2025-06-01 13:59:38,100648.27,cash,economy_new,Toyota Yaris,new,bank_loan,AL RAJHI AUTO FINANCE 4471
CAR-20250601-004,2025-06-01 16:27:39,83907.34,bank_transfer,economy_new,Toyota Corolla,new,bank_loan,AL RAJHI AUTO FINANCE 4471
CAR-20250602-001,2025-06-02 10:53:55,155761.23,bank_transfer,midrange_new,Toyota Hilux,new,bank_loan,AL RAJHI AUTO FINANCE 4471
CAR-20250602-002,2025-06-02 14:32:35,84097.19,bank_transfer,economy_new,Toyota Corolla,new,bank_loan,AL RAJHI AUTO FINANCE 4471
CAR-20250602-003,2025-06-02 17:20:44,75299.15,cash,economy_new,Toyota Corolla,new,cash,AL RAJHI AUTO FINANCE 4471
CAR-20250603-001,2025-06-03 11:06:25,442738.53,bank_transfer,luxury_new,Toyota Land Cruiser,new,cash,OASIS CARS 82
CAR-20250603-002,2025-06-03 11:23:37,75151.69,credit,economy_new,Toyota Corolla,new,dealer_financing,AL RAJHI AUTO FINANCE 4471
CAR-20250603-003,2025-06-03 12:05:08,578660.6,bank_transfer,luxury_new,Toyota Land Cruiser,new,cash,SUMMIT MOTORS 33
CAR-20250603-004,2025-06-03 17:17:35,115931.78,cash,midrange_new,Toyota Hilux,new,cash,JEDDAH AUTO HOUSE 22
CAR-20250603-005,2025-06-03 17:33:09,440969.36,cash,luxury_new,Lexus LX,new,dealer_financing,AL RAJHI AUTO FINANCE 4471
CAR-20250603-006,2025-06-03 17:56:27,491386.28,cash,luxury_new,Lexus LX,new,bank_loan,AL RAJHI AUTO FINANCE 4471
CAR-20250604-001,2025-06-04 11:44:53,100751.91,bank_transfer,economy_new,Toyota Corolla,new,dealer_financing,AL RAJHI AUTO FINANCE 4471
CAR-20250604-002,2025-06-04 15:06:45,187517.25,bank_transfer,midrange_new,Toyota Hilux,new,bank_loan,AL RAJHI AUTO FINANCE 4471
CAR-20250604-003,2025-06-04 17:56:04,126560.4,bank_transfer,midrange_new,Toyota Highlander,new,dealer_financing,شركة الصحراء للسيارات
CAR-20250604-004,2025-06-04 18:20:46,73543.09,bank_transfer,economy_new,Toyota Corolla,new,dealer_financing,AL RAJHI AUTO FINANCE 4471
CAR-20250604-005,2025-06-04 18:36:50,137941.65,cash,used_midrange,Used Mid/High,used,lease,AL RAJHI AUTO FINANCE 4471
CAR-20250605-001,2025-06-05 10:13:25,67809.11,cash,economy_new,Toyota Corolla,new,bank_loan,VANTAGE MOTORS 62
CAR-20250605-002,2025-06-05 10:55:15,204603.29,credit,midrange_new,Toyota Highlander,new,cash,AL RAJHI AUTO FINANCE 4471
CAR-20250605-003,2025-06-05 15:11:29,94353.8,cash,economy_new,Toyota Yaris,new,bank_loan,ELITE MOTORS 14
CAR-20250605-004,2025-06-05 19:39:32,107065.73,cash,economy_new,Toyota Yaris,new,dealer_financing,AL RAJHI AUTO FINANCE 4471
CAR-20250606-001,2025-06-06 10:12:48,122696.94,cash,used_midrange,Used Mid/High,used,bank_loan,QASSIM CARS 907
CAR-20250606-002,2025-06-06 15:20:51,191227.07,bank_transfer,used_midrange,Used Mid/High,used,bank_loan,AL RAJHI AUTO FINANCE 4471
CAR-20250606-003,2025-06-06 16:34:19,87960.65,bank_transfer,used_economy,Used Economy,used,cash,HAIL MOTORS 55
CAR-20250606-004,2025-06-06 17:06:54,347939.21,credit,luxury_new,Lexus LX,new,dealer_financing,AL RAJHI AUTO FINANCE 4471
CAR-20250606-005,2025-06-06 20:12:41,36246.38,bank_transfer,used_economy,Used Economy,used,dealer_financing,AL RAJHI AUTO FINANCE 4471
CAR-20250606-006,2025-06-06 20:21:40,102445.78,bank_transfer,used_midrange,Used Mid/High,used,dealer_financing,ASIR CARS 88
CAR-20250607-001,2025-06-07 09:07:20,148912.9,cash,midrange_new,Toyota Hilux,new,bank_loan,ABDULLAH CARS TRADING #22
CAR-20250607-002,2025-06-07 11:11:29,201712.96,bank_transfer,midrange_new,Toyota Highlander,new,dealer_financing,ROYAL CARS TRADING 51
CAR-20250607-003,2025-06-07 13:02:23,425364.32,cash,luxury_new,Toyota Land Cruiser,new,dealer_financing,AL RAJHI AUTO FINANCE 4471
CAR-20250607-004,2025-06-07 14:54:56,81613.17,bank_transfer,economy_new,Toyota Corolla,new,dealer_financing,AL RAJHI AUTO FINANCE 4471
CAR-20250607-005,2025-06-07 15:39:59,81801.71,cash,economy_new,Toyota Yaris,new,cash,ABDULLAH CARS TRADING #22
CAR-20250607-006,2025-06-07 18:44:31,115182.73,cash,midrange_new,Toyota Camry,new,bank_loan,AL RAJHI AUTO FINANCE 4471
CAR-20250608-001,2025-06-08 11:46:57,112313.4,bank_transfer,used_midrange,Used Mid/High,used,bank_loan,TABUK AUTO 341
CAR-20250608-002,2025-06-08 13:00:50,83737.67,credit,used_economy,Used Economy,used,cash,AL RAJHI AUTO FINANCE 4471
CAR-20250608-003,2025-06-08 15:18:37,44864.21,cash,used_economy,Used Economy,used,bank_loan,NORTHERN AUTO 43
CAR-20250608-004,2025-06-08 15:56:22,63811.2,cash,economy_new,Toyota Corolla,new,bank_loan,شركة القمة للسيارات
CAR-20250608-005,2025-06-08 18:48:09,164381.39,bank_transfer,midrange_new,Toyota Camry,new,cash,AL RAJHI AUTO FINANCE 4471
CAR-20250608-006,2025-06-08 19:53:11,188000.9,cash,midrange_new,Toyota Highlander,new,bank_loan,AL RAJHI AUTO FINANCE 4471
CAR-20250609-001,2025-06-09 13:12:30,293134.54,bank_transfer,luxury_new,Lexus LX,new,cash,AL RAJHI AUTO FINANCE 4471
CAR-20250609-002,2025-06-09 13:47:25,176879.26,cash,midrange_new,Toyota Hilux,new,bank_loan,PRIME AUTO 66
CAR-20250610-001,2025-06-10 09:36:47,109500.21,bank_transfer,midrange_new,Toyota Highlander,new,dealer_financing,AL RAJHI AUTO FINANCE 4471
CAR-20250610-002,2025-06-10 17:01:39,71723.14,bank_transfer,economy_new,Toyota Yaris,new,bank_loan,AL RAJHI AUTO FINANCE 4471
CAR-20250610-003,2025-06-10 18:13:57,154873.2,bank_transfer,midrange_new,Toyota Highlander,new,bank_loan,AL RAJHI AUTO FINANCE 4471
CAR-20250610-004,2025-06-10 19:41:05,161434.58,cash,midrange_new,Toyota Camry,new,dealer_financing,SAHARA CARS TRADING 12
CAR-20250611-001,2025-06-11 13:01:29,198799.54,credit,midrange_new,Toyota Highlander,new,dealer_financing,AL RAJHI AUTO FINANCE 4471
CAR-20250611-002,2025-06-11 15:34:54,97135.15,bank_transfer,economy_new,Toyota Corolla,new,cash,AL RAJHI AUTO FINANCE 4471
CAR-20250611-003,2025-06-11 19:22:07,130505.35,bank_transfer,midrange_new,Toyota Hilux,new,dealer_financing,AL RAJHI AUTO FINANCE 4471
CAR-20250611-004,2025-06-11 19:32:08,423866.05,bank_transfer,luxury_new,Lexus LX,new,lease,ABDULLAH CARS TRADING #22
CAR-20250612-FLEET,2025-06-12 15:03:10,1071266.02,bank_transfer,luxury_new,Toyota Land Cruiser x3 (Fleet),new,bank_loan,AL RAJHI AUTO FINANCE 4471
CAR-20250612-001,2025-06-12 16:13:15,173366.42,bank_transfer,used_midrange,Used Mid/High,used,dealer_financing,CROWN AUTO 47
CAR-20250612-002,2025-06-12 17:03:13,128838.11,bank_transfer,midrange_new,Toyota Highlander,new,bank_loan,AL RAJHI AUTO FINANCE 4471
CAR-20250613-001,2025-06-13 13:37:48,56821.1,bank_transfer,used_economy,Used Economy,used,bank_loan,ABDULLAH CARS TRADING #22
CAR-20250613-002,2025-06-13 19:47:35,119932.89,cash,midrange_new,Toyota Highlander,new,bank_loan,ABDULLAH CARS TRADING #22
CAR-20250613-003,2025-06-13 20:59:05,148157.18,bank_transfer,used_midrange,Used Mid/High,used,cash,ABDULLAH CARS TRADING #22
CAR-20250614-001,2025-06-14 10:15:37,122678.5,bank_transfer,economy_new,Toyota Yaris,new,cash,ABDULLAH CARS TRADING #22
CAR-20250614-002,2025-06-14 15:35:56,121536.28,bank_transfer,midrange_new,Toyota Highlander,new,lease,AL RAJHI AUTO FINANCE 4471
CAR-20250614-003,2025-06-14 16:35:02,158406.18,bank_transfer,midrange_new,Toyota Hilux,new,bank_loan,AL RAJHI AUTO FINANCE 4471
CAR-20250615-001,2025-06-15 11:13:43,120135.47,bank_transfer,economy_new,Toyota Yaris,new,bank_loan,AL RAJHI AUTO FINANCE 4471
CAR-20250615-002,2025-06-15 12:17:40,104529.96,bank_transfer,economy_new,Toyota Corolla,new,dealer_financing,ABDULLAH CARS TRADING #22
CAR-20250615-003,2025-06-15 15:57:04,158553.2,cash,used_midrange,Used Mid/High,used,bank_loan,NAJD MOTORS 88
CAR-20250616-001,2025-06-16 12:59:33,182379.84,cash,midrange_new,Toyota Camry,new,cash,AL RAJHI AUTO FINANCE 4471
CAR-20250616-002,2025-06-16 17:08:06,534509.27,credit,luxury_new,Lexus LX,new,cash,VICTORY AUTO 39
CAR-20250616-003,2025-06-16 17:31:08,289772.57,bank_transfer,luxury_new,Toyota Land Cruiser,new,bank_loan,AL RAJHI AUTO FINANCE 4471
CAR-20250616-004,2025-06-16 18:41:47,195751.7,bank_transfer,midrange_new,Toyota Highlander,new,cash,AL RAJHI AUTO FINANCE 4471
CAR-20250617-001,2025-06-17 10:36:44,70301.8,bank_transfer,economy_new,Toyota Yaris,new,bank_loan,AL RAJHI AUTO FINANCE 4471
CAR-20250617-002,2025-06-17 18:00:38,134503.13,bank_transfer,used_midrange,Used Mid/High,used,dealer_financing,MERIDIAN CARS 95
CAR-20250617-003,2025-06-17 18:11:59,60614.06,cash,used_economy,Used Economy,used,lease,IMPERIAL CARS 73
CAR-20250617-004,2025-06-17 18:21:17,118730.28,bank_transfer,used_midrange,Used Mid/High,used,bank_loan,AL RAJHI AUTO FINANCE 4471
CAR-20250618-001,2025-06-18 12:11:12,74490.46,bank_transfer,economy_new,Toyota Yaris,new,cash,ABDULLAH CARS TRADING #22
CAR-20250618-002,2025-06-18 20:02:14,489203.98,bank_transfer,luxury_new,Lexus LX,new,bank_loan,AL RAJHI AUTO FINANCE 4471
CAR-20250619-001,2025-06-19 11:36:15,119000.37,credit,economy_new,Toyota Corolla,new,cash,ABDULLAH CARS TRADING #22
CAR-20250619-002,2025-06-19 11:45:38,85241.93,cash,economy_new,Toyota Corolla,new,bank_loan,FALCON AUTO 27
CAR-20250619-003,2025-06-19 16:31:20,188194.15,bank_transfer,midrange_new,Toyota Hilux,new,lease,AL RAJHI AUTO FINANCE 4471
CAR-20250619-004,2025-06-19 19:26:30,95860.88,bank_transfer,economy_new,Toyota Corolla,new,dealer_financing,AL RAJHI AUTO FINANCE 4471
CAR-20250620-001,2025-06-20 09:02:27,119769.47,bank_transfer,economy_new,Toyota Corolla,new,cash,AL RAJHI AUTO FINANCE 4471
CAR-20250620-002,2025-06-20 16:38:09,138952.88,bank_transfer,midrange_new,Toyota Highlander,new,bank_loan,AL RAJHI AUTO FINANCE 4471
CAR-20250620-003,2025-06-20 20:58:49,171165.82,credit,midrange_new,Toyota Camry,new,bank_loan,DAMMAM MOTORS 61
CAR-20250621-001,2025-06-21 11:58:01,513942.15,credit,luxury_new,Lexus LX,new,bank_loan,HORIZON CARS 84
CAR-20250621-002,2025-06-21 13:07:14,200130.42,bank_transfer,midrange_new,Toyota Highlander,new,cash,AL RAJHI AUTO FINANCE 4471
CAR-20250621-003,2025-06-21 14:45:10,128411.58,cash,midrange_new,Toyota Highlander,new,cash,AL RAJHI AUTO FINANCE 4471
CAR-20250621-004,2025-06-21 16:42:43,166963.11,bank_transfer,midrange_new,Toyota Highlander,new,bank_loan,AL RAJHI AUTO FINANCE 4471
CAR-20250621-005,2025-06-21 18:17:03,574827.07,bank_transfer,luxury_new,Toyota Land Cruiser,new,dealer_financing,AL RAJHI AUTO FINANCE 4471
CAR-20250622-001,2025-06-22 09:06:48,97976.08,bank_transfer,used_midrange,Used Mid/High,used,lease,ABDULLAH CARS TRADING #22
CAR-20250622-002,2025-06-22 11:00:09,571207.86,cash,luxury_new,Lexus LX,new,bank_loan,AL RAJHI AUTO FINANCE 4471
CAR-20250622-003,2025-06-22 12:00:45,185955.14,cash,used_midrange,Used Mid/High,used,cash,AL RAJHI AUTO FINANCE 4471
CAR-20250622-004,2025-06-22 16:41:06,66261.38,bank_transfer,economy_new,Toyota Corolla,new,bank_loan,ABDULLAH CARS TRADING #22
CAR-20250622-005,2025-06-22 17:29:53,123962.6,bank_transfer,economy_new,Toyota Corolla,new,dealer_financing,AL RAJHI AUTO FINANCE 4471
CAR-20250622-006,2025-06-22 18:01:48,178616.99,bank_transfer,used_midrange,Used Mid/High,used,bank_loan,ABDULLAH CARS TRADING #22
CAR-20250623-001,2025-06-23 12:41:28,101767.35,bank_transfer,economy_new,Toyota Yaris,new,cash,AL RAJHI AUTO FINANCE 4471
CAR-20250623-002,2025-06-23 15:15:40,137770.03,bank_transfer,midrange_new,Toyota Highlander,new,bank_loan,AL RAJHI AUTO FINANCE 4471
CAR-20250623-003,2025-06-23 16:17:19,435430.74,cash,luxury_new,Toyota Land Cruiser,new,lease,AL RAJHI AUTO FINANCE 4471
CAR-20250623-004,2025-06-23 19:13:15,170592.38,bank_transfer,used_midrange,Used Mid/High,used,cash,AL RAJHI AUTO FINANCE 4471
CAR-20250624-001,2025-06-24 12:48:21,130260.53,bank_transfer,midrange_new,Toyota Camry,new,cash,AL RAJHI AUTO FINANCE 4471
CAR-20250624-002,2025-06-24 13:43:25,119802.28,bank_transfer,economy_new,Toyota Corolla,new,cash,AL RAJHI AUTO FINANCE 4471
CAR-20250624-003,2025-06-24 15:14:55,131214.6,cash,midrange_new,Toyota Camry,new,bank_loan,AL RAJHI AUTO FINANCE 4471
CAR-20250624-004,2025-06-24 17:07:19,597234.11,cash,luxury_new,Toyota Land Cruiser,new,bank_loan,ABDULLAH CARS TRADING #22
CAR-20250624-005,2025-06-24 19:09:47,88734.1,cash,economy_new,Toyota Corolla,new,cash,AL RAJHI AUTO FINANCE 4471
CAR-20250624-006,2025-06-24 19:13:52,200308.96,credit,midrange_new,Toyota Highlander,new,lease,ABDULLAH CARS TRADING #22
CAR-20250625-001,2025-06-25 11:14:47,159496.96,bank_transfer,midrange_new,Toyota Highlander,new,cash,AL RAJHI AUTO FINANCE 4471
CAR-20250625-002,2025-06-25 12:55:26,36625.77,bank_transfer,used_economy,Used Economy,used,dealer_financing,GULF MOTORS TRADING 71
CAR-20250626-001,2025-06-26 16:16:23,202895.85,bank_transfer,midrange_new,Toyota Camry,new,cash,شركة النسر للسيارات
CAR-20250626-002,2025-06-26 20:44:54,80432.82,cash,used_economy,Used Economy,used,bank_loan,AL RAJHI AUTO FINANCE 4471
CAR-20250627-001,2025-06-27 11:40:13,118731.58,cash,midrange_new,Toyota Hilux,new,cash,AL RAJHI AUTO FINANCE 4471
CAR-20250627-002,2025-06-27 12:53:08,613197.9,cash,luxury_new,Lexus LX,new,bank_loan,AL RAJHI AUTO FINANCE 4471
CAR-20250627-003,2025-06-27 15:15:01,299734.01,credit,luxury_new,Lexus LX,new,bank_loan,AL RAJHI AUTO FINANCE 4471
CAR-20250628-001,2025-06-28 10:54:00,120930.92,bank_transfer,economy_new,Toyota Yaris,new,bank_loan,AL RAJHI AUTO FINANCE 4471
CAR-20250628-002,2025-06-28 10:56:49,405248.48,bank_transfer,luxury_new,Lexus LX,new,cash,STAR MOTORS 78
CAR-20250628-003,2025-06-28 13:06:34,527986.75,credit,luxury_new,Lexus LX,new,bank_loan,AL RAJHI AUTO FINANCE 4471
CAR-20250628-004,2025-06-28 14:21:26,71647.17,credit,used_economy,Used Economy,used,cash,AL RAJHI AUTO FINANCE 4471
CAR-20250628-005,2025-06-28 15:00:17,200544.46,bank_transfer,midrange_new,Toyota Highlander,new,cash,ABDULLAH CARS TRADING #22
CAR-20250628-006,2025-06-28 16:24:14,66224.41,bank_transfer,economy_new,Toyota Yaris,new,bank_loan,PEARL MOTORS 20
CAR-20250628-007,2025-06-28 18:06:12,31089.04,bank_transfer,used_economy,Used Economy,used,cash,ABDULLAH CARS TRADING #22
CAR-20250628-008,2025-06-28 18:50:29,117223.9,bank_transfer,economy_new,Toyota Yaris,new,cash,APEX AUTO TRADING 11
CAR-20250628-009,2025-06-28 18:53:29,160578.32,cash,midrange_new,Toyota Highlander,new,bank_loan,AL RAJHI AUTO FINANCE 4471
CAR-20250629-001,2025-06-29 11:02:28,390285.08,cash,luxury_new,Lexus LX,new,cash,DESERT AUTO GALLERY 19
CAR-20250629-002,2025-06-29 12:15:29,110751.78,bank_transfer,midrange_new,Toyota Hilux,new,bank_loan,شركة الماس للسيارات
CAR-20250629-003,2025-06-29 12:48:35,77038.24,credit,used_economy,Used Economy,used,cash,AL RAJHI AUTO FINANCE 4471
CAR-20250629-004,2025-06-29 15:18:39,174381.77,bank_transfer,used_midrange,Used Mid/High,used,dealer_financing,RIYADH SPEED CARS 90
CAR-20250629-005,2025-06-29 15:22:11,131121.77,bank_transfer,midrange_new,Toyota Hilux,new,bank_loan,AL RAJHI AUTO FINANCE 4471
CAR-20250629-006,2025-06-29 16:53:50,85787.24,bank_transfer,economy_new,Toyota Yaris,new,cash, zenith motors 58
CAR-20250629-007,2025-06-29 17:31:15,419584.85,credit,luxury_new,Toyota Land Cruiser,new,dealer_financing,ABDULLAH CARS TRADING #22
CAR-20250629-008,2025-06-29 18:15:42,144191.51,bank_transfer,midrange_new,Toyota Camry,new,bank_loan,ABDULLAH CARS TRADING #22
CAR-20250629-009,2025-06-29 20:40:29,74954.08,bank_transfer,economy_new,Toyota Yaris,new,bank_loan,AL RAJHI AUTO FINANCE 4471
